text,label,keywords
【博彩注册】首存100送58，赔率1.98，点击链接立即注册,ad,博彩|注册|首存|赔率|链接
专业上分服务，安全可靠，微信：bet888,ad,上分|微信|博彩
充值返利20%，首充1000送500，信誉担保,ad,充值|返利|首充|信誉
盘口代理招募，月入过万，诚邀合作,ad,盘口|代理|招募|月入过万|合作
下分服务，秒到账，vx: lucky2024,ad,下分|秒到账|微信
博彩网站转让，含会员数据，详询,ad,博彩|网站|转让|会员
群控软件出售，支持多开，自动投注,ad,群控|软件|投注
跑分平台对接，费率低，结算快,ad,跑分|平台|费率|结算
【菠菜】国际盘口，返水0.5%，真人荷官,ad,菠菜|盘口|返水|荷官
充值优惠进行中，存款送彩金，最高可达8888元,ad,充值|优惠|存款|彩金
代理招募令：推广链接，躺着赚钱,ad,代理|招募|推广|赚钱
安全上分，信誉第一，支持支付宝微信,ad,上分|信誉|支付宝|微信
博彩游戏代理加盟，无需押金，日结佣金,ad,博彩|代理|加盟|押金|佣金
【紧急】网站维护通知，请联系客服领取补偿,ad,网站|客服|补偿
幸运大转盘，100%中奖，iPhone14等你来拿,ad,转盘|中奖|iPhone
真人百家乐，24小时在线，美女荷官,ad,百家乐|在线|荷官
体育赛事竞猜，世界杯、英超、欧冠,ad,体育|竞猜|世界杯|英超|欧冠
电子游艺老虎机，累积奖池已破百万,ad,电子游艺|老虎机|奖池
棋牌游戏合集，牛牛、斗地主、炸金花,ad,棋牌|牛牛|斗地主|炸金花
澳门赌场现场视频，性感荷官在线发牌,ad,澳门|赌场|荷官|发牌
网赌平台代理，推广链接点击付费,ad,网赌|代理|推广|链接
跑分兼职，日赚500-2000，时间自由,ad,跑分|兼职|日赚
银行卡跑分，微信支付宝均可操作,ad,银行卡|跑分|微信|支付宝
兼职刷流水，一单一结，无需任何费用,ad,兼职|流水|一单一结
博彩数据出售，包含用户、投注记录,ad,博彩|数据|出售|投注
赌博软件定制开发，包维护、包售后,ad,赌博|软件|开发
菠菜网站模板出售，PC+手机端,ad,菠菜|网站|模板
境外博彩公司直招，薪资丰厚，包吃住,ad,博彩|招聘|薪资
棋牌游戏外挂，透视、记牌、辅助,ad,棋牌|外挂|透视|辅助
网络赌博洗钱，专业团队，安全可靠,ad,赌博|洗钱|团队
AG真人视讯，美女荷官互动直播,ad,AG|视讯|荷官|直播
时时彩、PK10、北京赛车高频彩,ad,时时彩|PK10|北京赛车|高频彩
体彩、福彩、竞彩足球篮球,ad,体彩|福彩|竞彩|足球|篮球
境外银行账户开设，博彩资金进出,ad,银行|账户|博彩|资金
虚拟货币USDT充值，博彩专用,ad,虚拟|货币|USDT|充值|博彩
赌博网站搭建一条龙服务,ad,赌博|网站|搭建
博彩推广话术模板，精准引流,ad,博彩|推广|话术|引流
菠菜资源对接，出售各类博彩资源,ad,菠菜|资源|出售
上分下分服务，量大从优,ad,上分|下分|服务
跑分平台源码出售，完美运营,ad,跑分|平台|源码|出售
网络赌博游戏开发，定制版,ad,赌博|游戏|开发|定制
博彩代理系统，层级分销，自动结算,ad,博彩|代理|分销|结算
彩票预测软件，声称准确率90%以上,ad,彩票|预测|软件
澳门太阳城集团招聘，薪资优厚,ad,澳门|太阳城|招聘|薪资
真人龙虎斗，牛牛，三公，牌九,ad,龙虎斗|牛牛|三公|牌九
电子游艺PT、MG、BBIN平台,ad,电子游艺|PT|MG|BBIN
体育博彩188、365、bet365,ad,体育|博彩|188|365|bet365
棋牌游戏房卡模式，代理分销,ad,棋牌|房卡|代理|分销
网络赌博网站推广SEO优化服务,ad,赌博|网站|推广|SEO
博彩网站客服招聘，包吃住高薪,ad,博彩|客服|招聘|高薪
跑分工作室全套设备出售,ad,跑分|工作室|设备|出售
加我微信了解更多优惠详情,ad,微信|优惠|详情
私聊获取内部消息，稳赚不赔,ad,私聊|内部消息|稳赚不赔
马上注册领取新手大礼包,ad,注册|新手|大礼包
机不可失，限时优惠进行中,ad,机不可失|限时|优惠
名额有限，先到先得,ad,名额|有限|先到先得
错过今天再等一年,ad,错过|今天|一年
立即加入，开启赚钱之旅,ad,加入|赚钱|之旅
专业团队带你飞，月入十万不是梦,ad,团队|月入十万|赚钱
零门槛代理，无需经验,ad,零门槛|代理|经验
高额返佣，结算及时,ad,高额|返佣|结算
平台稳定，资金安全,ad,平台|稳定|资金|安全
24小时客服在线，随时为您服务,ad,24小时|客服|在线|服务
充值秒到账，提现快如闪电,ad,充值|秒到账|提现|闪电
老牌平台，值得信赖,ad,老牌|平台|值得信赖
百万用户共同选择,ad,百万|用户|选择
新用户专享福利,ad,新用户|专享|福利
邀请好友得现金奖励,ad,邀请|好友|现金|奖励
VIP专属服务，尊贵体验,ad,VIP|专属|服务|尊贵
首充即送，多充多送,ad,首充|多充|多送
存送优惠，天天有惊喜,ad,存送|优惠|惊喜
流水返利，越玩越赚,ad,流水|返利|越玩越赚
签到领红包，连续签到奖励翻倍,ad,签到|红包|连续|奖励
周周有活动，月月有大奖,ad,周周|活动|月月|大奖
节日特惠，全场折扣,ad,节日|特惠|全场|折扣
生日礼金，专属定制,ad,生日|礼金|专属|定制
升级奖励，等级越高福利越多,ad,升级|奖励|等级|福利
【ⒷⒸ注册】首存100送58，赔率1.98，点击链接立即注册,ad,博彩|注册|首存|赔率|链接
专业丄分服务，安全可靠，薇信：bet888,ad,上分|微信|博彩
充値返利20%，首冲1000送500，信誉担保,ad,充值|返利|首充|信誉
盘口玳理招募，月入过万，诚邀合作,ad,盘口|代理|招募|月入过万|合作
下分服务，秒到账，v.x: lucky2024,ad,下分|秒到账|微信
博彩网站转让，含会员数据，详询,ad,博彩|网站|转让|会员
群控软件出售，支持多开，自动投注,ad,群控|软件|投注
跑分平台对接，费率低，结算快,ad,跑分|平台|费率|结算
【菠.菜】国际盘口，返水0.5%，真人荷官,ad,菠菜|盘口|返水|荷官
充.值优惠进行中，存款送彩金，最高可达8888元,ad,充值|优惠|存款|彩金
代.理招募令：推广链接，躺着赚钱,ad,代理|招募|推广|赚钱
安全上.分，信誉第一，支持支付宝微信,ad,上分|信誉|支付宝|微信
博彩游戏代.理加盟，无需押金，日结佣金,ad,博彩|代理|加盟|押金|佣金
【紧.急】网站维护通知，请联系客服领取补偿,ad,网站|客服|补偿
幸.运大转盘，100%中奖，iPhone14等你来拿,ad,转盘|中奖|iPhone
你好，最近怎么样？,normal,
请问这个怎么用？,normal,
谢谢你的帮助！,normal,
周末有什么安排？,normal,
收到，知道了。,normal,
好的，没问题。,normal,
早安！今天天气不错。,normal,
晚安，早点休息。,normal,
生日快乐！,normal,
节日快乐！,normal,
文件已发送，请查收。,normal,
会议定在下午3点。,normal,
项目进度如何？,normal,
报告已经提交了。,normal,
邮件已回复。,normal,
辛苦了，注意休息。,normal,
最近工作怎么样？,normal,
吃饭了吗？,normal,
在忙吗？,normal,
有空聊一下。,normal,
明天见。,normal,
回头联系。,normal,
好的，明白了。,normal,
没问题，交给我吧。,normal,
加油！,normal,
恭喜你！,normal,
太棒了！,normal,
不错不错。,normal,
确实如此。,normal,
我也觉得。,normal,
同意。,normal,
有道理。,normal,
学习了。,normal,
受教了。,normal,
长见识了。,normal,
原来如此。,normal,
明白了。,normal,
了解了。,normal,
知道了。,normal,
清楚了。,normal,
OK。,normal,
行。,normal,
可以。,normal,
好的。,normal,
嗯嗯。,normal,
是的。,normal,
没错。,normal,
对的。,normal,
正是。,normal,
当然。,normal,
确实。,normal,
真的吗？,normal,
不会吧？,normal,
怎么可能？,normal,
太厉害了！,normal,
真棒！,normal,
优秀！,normal,
完美！,normal,
漂亮！,normal,
厉害！,normal,
牛！,normal,
强！,normal,
赞！,normal,
棒！,normal,
好！,normal,
不错！,normal,
很好！,normal,
非常好！,normal,
太好了！,normal,
棒极了！,normal,
精彩！,normal,
出色！,normal,
卓越！,normal,
一流！,normal,
顶尖！,normal,
专业！,normal,
靠谱！,normal,
稳！,normal,
妥！,normal,
行！,normal,
能行！,normal,
可以！,normal,
没问题！,normal,
小事！,normal,
简单！,normal,
轻松！,normal,
容易！,normal,
方便！,normal,
快捷！,normal,
高效！,normal,
省心！,normal,
放心！,normal,
安心！,normal,
开心！,normal,
快乐！,normal,
幸福！,normal,
美满！,normal,
如意！,normal,
顺心！,normal,
顺利！,normal,
成功！,normal,
胜利！,normal,
夺冠！,normal,
第一！,normal,
冠军！,normal,
金牌！,normal,
奖杯！,normal,
荣誉！,normal,
光荣！,normal,
骄傲！,normal,
自豪！,normal,
得意！,normal,
满足！,normal,
欣慰！,normal,
感动！,normal,
感激！,normal,
感谢！,normal,
谢谢！,normal,
多谢！,normal,
感谢！,normal,
感恩！,normal,
铭记！,normal,
难忘！,normal,
珍惜！,normal,
珍爱！,normal,
重视！,normal,
看重！,normal,
在乎！,normal,
关心！,normal,
关注！,normal,
关照！,normal,
照顾！,normal,
呵护！,normal,
保护！,normal,
守护！,normal,
保卫！,normal,
维护！,normal,
维持！,normal,
保持！,normal,
坚持！,normal,
坚定！,normal,
坚决！,normal,
坚强！,normal,
勇敢！,normal,
大胆！,normal,
无畏！,normal,
无惧！,normal,
不怕！,normal,
敢于！,normal,
勇于！,normal,
奋力！,normal,
努力！,normal,
拼搏！,normal,
奋斗！,normal,
进取！,normal,
上进！,normal,
进步！,normal,
提升！,normal,
提高！,normal,
增强！,normal,
加强！,normal,
加大！,normal,
加深！,normal,
加快！,normal,
加速！,normal,
促进！,normal,
推动！,normal,
推进！,normal,
推进！,normal,
发展！,normal,
发达！,normal,
兴旺！,normal,
兴盛！,normal,
繁荣！,normal,
繁华！,normal,
昌盛！,normal,
强盛！,normal,
强大！,normal,
壮大！,normal,
成长！,normal,
生长！,normal,
培育！,normal,
培养！,normal,
造就！,normal,
成就！,normal,
成绩！,normal,
成果！,normal,
结果！,normal,
效果！,normal,
效益！,normal,
效率！,normal,
效用！,normal,
作用！,normal,
功能！,normal,
性能！,normal,
特性！,normal,
特点！,normal,
特色！,normal,
特长！,normal,
优势！,normal,
优点！,normal,
长处！,normal,
亮点！,normal,
闪光点！,normal,
精彩点！,normal,
看点！,normal,
焦点！,normal,
热点！,normal,
重点！,normal,
要点！,normal,
关键！,normal,
核心！,normal,
中心！,normal,
中央！,normal,
中枢！,normal,
纽带！,normal,
桥梁！,normal,
通道！,normal,
渠道！,normal,
途径！,normal,
方法！,normal,
方式！,normal,
手段！,normal,
措施！,normal,
举措！,normal,
行动！,normal,
活动！,normal,
运动！,normal,
运作！,normal,
运行！,normal,
运转！,normal,
操作！,normal,
工作！,normal,
作业！,normal,
业务！,normal,
事务！,normal,
事情！,normal,
事件！,normal,
事项！,normal,
任务！,normal,
使命！,normal,
责任！,normal,
职责！,normal,
职能！,normal,
职权！,normal,
权力！,normal,
权利！,normal,
权益！,normal,
利益！,normal,
利润！,normal,
收益！,normal,
收入！,normal,
进账！,normal,
入账！,normal,
到账！,normal,
收款！,normal,
付款！,normal,
支付！,normal,
缴纳！,normal,
交纳！,normal,
上交！,normal,
上缴！,normal,
征收！,normal,
收取！,normal,
收受！,normal,
接受！,normal,
接收！,normal,
接纳！,normal,
采纳！,normal,
采用！,normal,
选用！,normal,
选择！,normal,
抉择！,normal,
决定！,normal,
决策！,normal,
决议！,normal,
裁定！,normal,
判定！,normal,
判断！,normal,
评判！,normal,
评价！,normal,
评估！,normal,
评定！,normal,
评审！,normal,
审定！,normal,
审核！,normal,
审查！,normal,
检查！,normal,
检验！,normal,
检测！,normal,
监测！,normal,
监控！,normal,
监督！,normal,
监管！,normal,
管理！,normal,
治理！,normal,
处理！,normal,
处置！,normal,
办理！,normal,
经办！,normal,
经营！,normal,
运营！,normal,
营销！,normal,
销售！,normal,
推销！,normal,
促销！,normal,
营销！,normal,
推广！,normal,
宣传！,normal,
传播！,normal,
传媒！,normal,
媒体！,normal,
媒介！,normal,
介体！,normal,
载体！,normal,
平台！,normal,
舞台！,normal,
场合！,normal,
场所！,normal,
场地！,normal,
地点！,normal,
位置！,normal,
方位！,normal,
方向！,normal,
目标！,normal,
目的！,normal,
宗旨！,normal,
方针！,normal,
政策！,normal,
策略！,normal,
战略！,normal,
战术！,normal,
战法！,normal,
方法！,normal,
办法！,normal,
想法！,normal,
看法！,normal,
说法！,normal,
做法！,normal,
活法！,normal,
干法！,normal,
搞法！,normal,
弄法！,normal,
整法！,normal,
修法！,normal,
改法！,normal,
变法！,normal,
变法！,normal,
革新！,normal,
改革！,normal,
改造！,normal,
改良！,normal,
改善！,normal,
改进！,normal,
改正！,normal,
纠正！,normal,
矫正！,normal,
矫治！,normal,
治理！,normal,
治疗！,normal,
治愈！,normal,
痊愈！,normal,
康复！,normal,
恢复！,normal,
修复！,normal,
复原！,normal,
还原！,normal,
回归！,normal,
回来！,normal,
回去！,normal,
往返！,normal,
来回！,normal,
来回！,normal,
反复！,normal,
重复！,normal,
再次！,normal,
再度！,normal,
重新！,normal,
从新！,normal,
从头！,normal,
开始！,normal,
开端！,normal,
开头！,normal,
起步！,normal,
起步！,normal,
启动！,normal,
起动！,normal,
发动！,normal,
爆发！,normal,
暴发！,normal,
发生！,normal,
产生！,normal,
出现！,normal,
呈现！,normal,
显现！,normal,
展现！,normal,
展示！,normal,
显示！,normal,
表示！,normal,
表达！,normal,
表现！,normal,
体现！,normal,
再现！,normal,
表现！,normal,
表演！,normal,
演出！,normal,
上演！,normal,
放映！,normal,
播放！,normal,
播出！,normal,
发布！,normal,
公布！,normal,
宣布！,normal,
宣告！,normal,
宣称！,normal,
声称！,normal,
说明！,normal,
解释！,normal,
阐释！,normal,
阐述！,normal,
论述！,normal,
叙述！,normal,
讲述！,normal,
描述！,normal,
描写！,normal,
描绘！,normal,
描述！,normal,
刻画！,normal,
塑造！,normal,
打造！,normal,
制造！,normal,
制作！,normal,
创作！,normal,
创造！,normal,
创新！,normal,
创立！,normal,
建立！,normal,
建设！,normal,
建造！,normal,
建筑！,normal,
构筑！,normal,
构建！,normal,
组建！,normal,
组织！,normal,
编制！,normal,
编辑！,normal,
编撰！,normal,
编纂！,normal,
撰写！,normal,
写作！,normal,
创作！,normal,
著书！,normal,
出书！,normal,
出版！,normal,
发行！,normal,
发表！,normal,
刊发！,normal,
刊登！,normal,
登载！,normal,
转载！,normal,
摘编！,normal,
摘录！,normal,
引用！,normal,
采用！,normal,
采纳！,normal,
接纳！,normal,
接受！,normal,
接收！,normal,
收到！,normal,
得到！,normal,
获得！,normal,
取得！,normal,
赢得！,normal,
博得！,normal,
赚得！,normal,
挣得！,normal,
赢得！,normal,
赢得！,normal,
